0,"['Braund,', 'Mr.', 'Owen', 'Harris']"
1,"['Cumings,', 'Mrs.', 'John', 'Bradley', '(Florence', 'Briggs', 'Thayer)']"
2,"['Heikkinen,', 'Miss.', 'Laina']"
3,"['Futrelle,', 'Mrs.', 'Jacques', 'Heath', '(Lily', 'May', 'Peel)']"
4,"['Allen,', 'Mr.', 'William', 'Henry']"
5,"['Moran,', 'Mr.', 'James']"
6,"['McCarthy,', 'Mr.', 'Timothy', 'J']"
7,"['Palsson,', 'Master.', 'Gosta', 'Leonard']"
8,"['Johnson,', 'Mrs.', 'Oscar', 'W', '(Elisabeth', 'Vilhelmina', 'Berg)']"
9,"['Nasser,', 'Mrs.', 'Nicholas', '(Adele', 'Achem)']"
10,"['Sandstrom,', 'Miss.', 'Marguerite', 'Rut']"
11,"['Bonnell,', 'Miss.', 'Elizabeth']"
12,"['Saundercock,', 'Mr.', 'William', 'Henry']"
13,"['Andersson,', 'Mr.', 'Anders', 'Johan']"
14,"['Vestrom,', 'Miss.', 'Hulda', 'Amanda', 'Adolfina']"
15,"['Hewlett,', 'Mrs.', '(Mary', 'D', 'Kingcome)']"
16,"['Rice,', 'Master.', 'Eugene']"
17,"['Williams,', 'Mr.', 'Charles', 'Eugene']"
18,"['Vander', 'Planke,', 'Mrs.', 'Julius', '(Emelia', 'Maria', 'Vandemoortele)']"
19,"['Masselmani,', 'Mrs.', 'Fatima']"
20,"['Fynney,', 'Mr.', 'Joseph', 'J']"
21,"['Beesley,', 'Mr.', 'Lawrence']"
22,"['McGowan,', 'Miss.', 'Anna', '""Annie""']"
23,"['Sloper,', 'Mr.', 'William', 'Thompson']"
24,"['Palsson,', 'Miss.', 'Torborg', 'Danira']"
25,"['Asplund,', 'Mrs.', 'Carl', 'Oscar', '(Selma', 'Augusta', 'Emilia', 'Johansson)']"
26,"['Emir,', 'Mr.', 'Farred', 'Chehab']"
27,"['Fortune,', 'Mr.', 'Charles', 'Alexander']"
28,"[""O'Dwyer,"", 'Miss.', 'Ellen', '""Nellie""']"
29,"['Todoroff,', 'Mr.', 'Lalio']"
30,"['Uruchurtu,', 'Don.', 'Manuel', 'E']"
31,"['Spencer,', 'Mrs.', 'William', 'Augustus', '(Marie', 'Eugenie)']"
32,"['Glynn,', 'Miss.', 'Mary', 'Agatha']"
33,"['Wheadon,', 'Mr.', 'Edward', 'H']"
34,"['Meyer,', 'Mr.', 'Edgar', 'Joseph']"
35,"['Holverson,', 'Mr.', 'Alexander', 'Oskar']"
36,"['Mamee,', 'Mr.', 'Hanna']"
37,"['Cann,', 'Mr.', 'Ernest', 'Charles']"
38,"['Vander', 'Planke,', 'Miss.', 'Augusta', 'Maria']"
39,"['Nicola-Yarred,', 'Miss.', 'Jamila']"
40,"['Ahlin,', 'Mrs.', 'Johan', '(Johanna', 'Persdotter', 'Larsson)']"
41,"['Turpin,', 'Mrs.', 'William', 'John', 'Robert', '(Dorothy', 'Ann', 'Wonnacott)']"
42,"['Kraeff,', 'Mr.', 'Theodor']"
43,"['Laroche,', 'Miss.', 'Simonne', 'Marie', 'Anne', 'Andree']"
44,"['Devaney,', 'Miss.', 'Margaret', 'Delia']"
45,"['Rogers,', 'Mr.', 'William', 'John']"
46,"['Lennon,', 'Mr.', 'Denis']"
47,"[""O'Driscoll,"", 'Miss.', 'Bridget']"
48,"['Samaan,', 'Mr.', 'Youssef']"
49,"['Arnold-Franchi,', 'Mrs.', 'Josef', '(Josefine', 'Franchi)']"
50,"['Panula,', 'Master.', 'Juha', 'Niilo']"
51,"['Nosworthy,', 'Mr.', 'Richard', 'Cater']"
52,"['Harper,', 'Mrs.', 'Henry', 'Sleeper', '(Myna', 'Haxtun)']"
53,"['Faunthorpe,', 'Mrs.', 'Lizzie', '(Elizabeth', 'Anne', 'Wilkinson)']"
54,"['Ostby,', 'Mr.', 'Engelhart', 'Cornelius']"
55,"['Woolner,', 'Mr.', 'Hugh']"
56,"['Rugg,', 'Miss.', 'Emily']"
57,"['Novel,', 'Mr.', 'Mansouer']"
58,"['West,', 'Miss.', 'Constance', 'Mirium']"
59,"['Goodwin,', 'Master.', 'William', 'Frederick']"
60,"['Sirayanian,', 'Mr.', 'Orsen']"
61,"['Icard,', 'Miss.', 'Amelie']"
62,"['Harris,', 'Mr.', 'Henry', 'Birkhardt']"
63,"['Skoog,', 'Master.', 'Harald']"
64,"['Stewart,', 'Mr.', 'Albert', 'A']"
65,"['Moubarek,', 'Master.', 'Gerios']"
66,"['Nye,', 'Mrs.', '(Elizabeth', 'Ramell)']"
67,"['Crease,', 'Mr.', 'Ernest', 'James']"
68,"['Andersson,', 'Miss.', 'Erna', 'Alexandra']"
69,"['Kink,', 'Mr.', 'Vincenz']"
70,"['Jenkin,', 'Mr.', 'Stephen', 'Curnow']"
71,"['Goodwin,', 'Miss.', 'Lillian', 'Amy']"
72,"['Hood,', 'Mr.', 'Ambrose', 'Jr']"
73,"['Chronopoulos,', 'Mr.', 'Apostolos']"
74,"['Bing,', 'Mr.', 'Lee']"
75,"['Moen,', 'Mr.', 'Sigurd', 'Hansen']"
76,"['Staneff,', 'Mr.', 'Ivan']"
77,"['Moutal,', 'Mr.', 'Rahamin', 'Haim']"
78,"['Caldwell,', 'Master.', 'Alden', 'Gates']"
79,"['Dowdell,', 'Miss.', 'Elizabeth']"
80,"['Waelens,', 'Mr.', 'Achille']"
81,"['Sheerlinck,', 'Mr.', 'Jan', 'Baptist']"
82,"['McDermott,', 'Miss.', 'Brigdet', 'Delia']"
83,"['Carrau,', 'Mr.', 'Francisco', 'M']"
84,"['Ilett,', 'Miss.', 'Bertha']"
85,"['Backstrom,', 'Mrs.', 'Karl', 'Alfred', '(Maria', 'Mathilda', 'Gustafsson)']"
86,"['Ford,', 'Mr.', 'William', 'Neal']"
87,"['Slocovski,', 'Mr.', 'Selman', 'Francis']"
88,"['Fortune,', 'Miss.', 'Mabel', 'Helen']"
89,"['Celotti,', 'Mr.', 'Francesco']"
90,"['Christmann,', 'Mr.', 'Emil']"
91,"['Andreasson,', 'Mr.', 'Paul', 'Edvin']"
92,"['Chaffee,', 'Mr.', 'Herbert', 'Fuller']"
93,"['Dean,', 'Mr.', 'Bertram', 'Frank']"
94,"['Coxon,', 'Mr.', 'Daniel']"
95,"['Shorney,', 'Mr.', 'Charles', 'Joseph']"
96,"['Goldschmidt,', 'Mr.', 'George', 'B']"
97,"['Greenfield,', 'Mr.', 'William', 'Bertram']"
98,"['Doling,', 'Mrs.', 'John', 'T', '(Ada', 'Julia', 'Bone)']"
99,"['Kantor,', 'Mr.', 'Sinai']"
100,"['Petranec,', 'Miss.', 'Matilda']"
101,"['Petroff,', 'Mr.', 'Pastcho', '(""Pentcho"")']"
102,"['White,', 'Mr.', 'Richard', 'Frasar']"
103,"['Johansson,', 'Mr.', 'Gustaf', 'Joel']"
104,"['Gustafsson,', 'Mr.', 'Anders', 'Vilhelm']"
105,"['Mionoff,', 'Mr.', 'Stoytcho']"
106,"['Salkjelsvik,', 'Miss.', 'Anna', 'Kristine']"
107,"['Moss,', 'Mr.', 'Albert', 'Johan']"
108,"['Rekic,', 'Mr.', 'Tido']"
109,"['Moran,', 'Miss.', 'Bertha']"
110,"['Porter,', 'Mr.', 'Walter', 'Chamberlain']"
111,"['Zabour,', 'Miss.', 'Hileni']"
112,"['Barton,', 'Mr.', 'David', 'John']"
113,"['Jussila,', 'Miss.', 'Katriina']"
114,"['Attalah,', 'Miss.', 'Malake']"
115,"['Pekoniemi,', 'Mr.', 'Edvard']"
116,"['Connors,', 'Mr.', 'Patrick']"
117,"['Turpin,', 'Mr.', 'William', 'John', 'Robert']"
118,"['Baxter,', 'Mr.', 'Quigg', 'Edmond']"
119,"['Andersson,', 'Miss.', 'Ellis', 'Anna', 'Maria']"
120,"['Hickman,', 'Mr.', 'Stanley', 'George']"
121,"['Moore,', 'Mr.', 'Leonard', 'Charles']"
122,"['Nasser,', 'Mr.', 'Nicholas']"
123,"['Webber,', 'Miss.', 'Susan']"
124,"['White,', 'Mr.', 'Percival', 'Wayland']"
125,"['Nicola-Yarred,', 'Master.', 'Elias']"
126,"['McMahon,', 'Mr.', 'Martin']"
127,"['Madsen,', 'Mr.', 'Fridtjof', 'Arne']"
128,"['Peter,', 'Miss.', 'Anna']"
129,"['Ekstrom,', 'Mr.', 'Johan']"
130,"['Drazenoic,', 'Mr.', 'Jozef']"
131,"['Coelho,', 'Mr.', 'Domingos', 'Fernandeo']"
132,"['Robins,', 'Mrs.', 'Alexander', 'A', '(Grace', 'Charity', 'Laury)']"
133,"['Weisz,', 'Mrs.', 'Leopold', '(Mathilde', 'Francoise', 'Pede)']"
134,"['Sobey,', 'Mr.', 'Samuel', 'James', 'Hayden']"
135,"['Richard,', 'Mr.', 'Emile']"
136,"['Newsom,', 'Miss.', 'Helen', 'Monypeny']"
137,"['Futrelle,', 'Mr.', 'Jacques', 'Heath']"
138,"['Osen,', 'Mr.', 'Olaf', 'Elon']"
139,"['Giglio,', 'Mr.', 'Victor']"
140,"['Boulos,', 'Mrs.', 'Joseph', '(Sultana)']"
141,"['Nysten,', 'Miss.', 'Anna', 'Sofia']"
142,"['Hakkarainen,', 'Mrs.', 'Pekka', 'Pietari', '(Elin', 'Matilda', 'Dolck)']"
143,"['Burke,', 'Mr.', 'Jeremiah']"
144,"['Andrew,', 'Mr.', 'Edgardo', 'Samuel']"
145,"['Nicholls,', 'Mr.', 'Joseph', 'Charles']"
146,"['Andersson,', 'Mr.', 'August', 'Edvard', '(""Wennerstrom"")']"
147,"['Ford,', 'Miss.', 'Robina', 'Maggie', '""Ruby""']"
148,"['Navratil,', 'Mr.', 'Michel', '(""Louis', 'M', 'Hoffman"")']"
149,"['Byles,', 'Rev.', 'Thomas', 'Roussel', 'Davids']"
150,"['Bateman,', 'Rev.', 'Robert', 'James']"
151,"['Pears,', 'Mrs.', 'Thomas', '(Edith', 'Wearne)']"
152,"['Meo,', 'Mr.', 'Alfonzo']"
153,"['van', 'Billiard,', 'Mr.', 'Austin', 'Blyler']"
154,"['Olsen,', 'Mr.', 'Ole', 'Martin']"
155,"['Williams,', 'Mr.', 'Charles', 'Duane']"
156,"['Gilnagh,', 'Miss.', 'Katherine', '""Katie""']"
157,"['Corn,', 'Mr.', 'Harry']"
158,"['Smiljanic,', 'Mr.', 'Mile']"
159,"['Sage,', 'Master.', 'Thomas', 'Henry']"
160,"['Cribb,', 'Mr.', 'John', 'Hatfield']"
161,"['Watt,', 'Mrs.', 'James', '(Elizabeth', '""Bessie""', 'Inglis', 'Milne)']"
162,"['Bengtsson,', 'Mr.', 'John', 'Viktor']"
163,"['Calic,', 'Mr.', 'Jovo']"
164,"['Panula,', 'Master.', 'Eino', 'Viljami']"
165,"['Goldsmith,', 'Master.', 'Frank', 'John', 'William', '""Frankie""']"
166,"['Chibnall,', 'Mrs.', '(Edith', 'Martha', 'Bowerman)']"
167,"['Skoog,', 'Mrs.', 'William', '(Anna', 'Bernhardina', 'Karlsson)']"
168,"['Baumann,', 'Mr.', 'John', 'D']"
169,"['Ling,', 'Mr.', 'Lee']"
170,"['Van', 'der', 'hoef,', 'Mr.', 'Wyckoff']"
171,"['Rice,', 'Master.', 'Arthur']"
172,"['Johnson,', 'Miss.', 'Eleanor', 'Ileen']"
173,"['Sivola,', 'Mr.', 'Antti', 'Wilhelm']"
174,"['Smith,', 'Mr.', 'James', 'Clinch']"
175,"['Klasen,', 'Mr.', 'Klas', 'Albin']"
176,"['Lefebre,', 'Master.', 'Henry', 'Forbes']"
177,"['Isham,', 'Miss.', 'Ann', 'Elizabeth']"
178,"['Hale,', 'Mr.', 'Reginald']"
179,"['Leonard,', 'Mr.', 'Lionel']"
180,"['Sage,', 'Miss.', 'Constance', 'Gladys']"
181,"['Pernot,', 'Mr.', 'Rene']"
182,"['Asplund,', 'Master.', 'Clarence', 'Gustaf', 'Hugo']"
183,"['Becker,', 'Master.', 'Richard', 'F']"
184,"['Kink-Heilmann,', 'Miss.', 'Luise', 'Gretchen']"
185,"['Rood,', 'Mr.', 'Hugh', 'Roscoe']"
186,"[""O'Brien,"", 'Mrs.', 'Thomas', '(Johanna', '""Hannah""', 'Godfrey)']"
187,"['Romaine,', 'Mr.', 'Charles', 'Hallace', '(""Mr', 'C', 'Rolmane"")']"
188,"['Bourke,', 'Mr.', 'John']"
189,"['Turcin,', 'Mr.', 'Stjepan']"
190,"['Pinsky,', 'Mrs.', '(Rosa)']"
191,"['Carbines,', 'Mr.', 'William']"
192,"['Andersen-Jensen,', 'Miss.', 'Carla', 'Christine', 'Nielsine']"
193,"['Navratil,', 'Master.', 'Michel', 'M']"
194,"['Brown,', 'Mrs.', 'James', 'Joseph', '(Margaret', 'Tobin)']"
195,"['Lurette,', 'Miss.', 'Elise']"
196,"['Mernagh,', 'Mr.', 'Robert']"
197,"['Olsen,', 'Mr.', 'Karl', 'Siegwart', 'Andreas']"
198,"['Madigan,', 'Miss.', 'Margaret', '""Maggie""']"
199,"['Yrois,', 'Miss.', 'Henriette', '(""Mrs', 'Harbeck"")']"
200,"['Vande', 'Walle,', 'Mr.', 'Nestor', 'Cyriel']"
201,"['Sage,', 'Mr.', 'Frederick']"
202,"['Johanson,', 'Mr.', 'Jakob', 'Alfred']"
203,"['Youseff,', 'Mr.', 'Gerious']"
204,"['Cohen,', 'Mr.', 'Gurshon', '""Gus""']"
205,"['Strom,', 'Miss.', 'Telma', 'Matilda']"
206,"['Backstrom,', 'Mr.', 'Karl', 'Alfred']"
207,"['Albimona,', 'Mr.', 'Nassef', 'Cassem']"
208,"['Carr,', 'Miss.', 'Helen', '""Ellen""']"
209,"['Blank,', 'Mr.', 'Henry']"
210,"['Ali,', 'Mr.', 'Ahmed']"
211,"['Cameron,', 'Miss.', 'Clear', 'Annie']"
212,"['Perkin,', 'Mr.', 'John', 'Henry']"
213,"['Givard,', 'Mr.', 'Hans', 'Kristensen']"
214,"['Kiernan,', 'Mr.', 'Philip']"
215,"['Newell,', 'Miss.', 'Madeleine']"
216,"['Honkanen,', 'Miss.', 'Eliina']"
217,"['Jacobsohn,', 'Mr.', 'Sidney', 'Samuel']"
218,"['Bazzani,', 'Miss.', 'Albina']"
219,"['Harris,', 'Mr.', 'Walter']"
220,"['Sunderland,', 'Mr.', 'Victor', 'Francis']"
221,"['Bracken,', 'Mr.', 'James', 'H']"
222,"['Green,', 'Mr.', 'George', 'Henry']"
223,"['Nenkoff,', 'Mr.', 'Christo']"
224,"['Hoyt,', 'Mr.', 'Frederick', 'Maxfield']"
225,"['Berglund,', 'Mr.', 'Karl', 'Ivar', 'Sven']"
226,"['Mellors,', 'Mr.', 'William', 'John']"
227,"['Lovell,', 'Mr.', 'John', 'Hall', '(""Henry"")']"
228,"['Fahlstrom,', 'Mr.', 'Arne', 'Jonas']"
229,"['Lefebre,', 'Miss.', 'Mathilde']"
230,"['Harris,', 'Mrs.', 'Henry', 'Birkhardt', '(Irene', 'Wallach)']"
231,"['Larsson,', 'Mr.', 'Bengt', 'Edvin']"
232,"['Sjostedt,', 'Mr.', 'Ernst', 'Adolf']"
233,"['Asplund,', 'Miss.', 'Lillian', 'Gertrud']"
234,"['Leyson,', 'Mr.', 'Robert', 'William', 'Norman']"
235,"['Harknett,', 'Miss.', 'Alice', 'Phoebe']"
236,"['Hold,', 'Mr.', 'Stephen']"
237,"['Collyer,', 'Miss.', 'Marjorie', '""Lottie""']"
238,"['Pengelly,', 'Mr.', 'Frederick', 'William']"
239,"['Hunt,', 'Mr.', 'George', 'Henry']"
240,"['Zabour,', 'Miss.', 'Thamine']"
241,"['Murphy,', 'Miss.', 'Katherine', '""Kate""']"
242,"['Coleridge,', 'Mr.', 'Reginald', 'Charles']"
243,"['Maenpaa,', 'Mr.', 'Matti', 'Alexanteri']"
244,"['Attalah,', 'Mr.', 'Sleiman']"
245,"['Minahan,', 'Dr.', 'William', 'Edward']"
246,"['Lindahl,', 'Miss.', 'Agda', 'Thorilda', 'Viktoria']"
247,"['Hamalainen,', 'Mrs.', 'William', '(Anna)']"
248,"['Beckwith,', 'Mr.', 'Richard', 'Leonard']"
249,"['Carter,', 'Rev.', 'Ernest', 'Courtenay']"
250,"['Reed,', 'Mr.', 'James', 'George']"
251,"['Strom,', 'Mrs.', 'Wilhelm', '(Elna', 'Matilda', 'Persson)']"
252,"['Stead,', 'Mr.', 'William', 'Thomas']"
253,"['Lobb,', 'Mr.', 'William', 'Arthur']"
254,"['Rosblom,', 'Mrs.', 'Viktor', '(Helena', 'Wilhelmina)']"
255,"['Touma,', 'Mrs.', 'Darwis', '(Hanne', 'Youssef', 'Razi)']"
256,"['Thorne,', 'Mrs.', 'Gertrude', 'Maybelle']"
257,"['Cherry,', 'Miss.', 'Gladys']"
258,"['Ward,', 'Miss.', 'Anna']"
259,"['Parrish,', 'Mrs.', '(Lutie', 'Davis)']"
260,"['Smith,', 'Mr.', 'Thomas']"
261,"['Asplund,', 'Master.', 'Edvin', 'Rojj', 'Felix']"
262,"['Taussig,', 'Mr.', 'Emil']"
263,"['Harrison,', 'Mr.', 'William']"
264,"['Henry,', 'Miss.', 'Delia']"
265,"['Reeves,', 'Mr.', 'David']"
266,"['Panula,', 'Mr.', 'Ernesti', 'Arvid']"
267,"['Persson,', 'Mr.', 'Ernst', 'Ulrik']"
268,"['Graham,', 'Mrs.', 'William', 'Thompson', '(Edith', 'Junkins)']"
269,"['Bissette,', 'Miss.', 'Amelia']"
270,"['Cairns,', 'Mr.', 'Alexander']"
271,"['Tornquist,', 'Mr.', 'William', 'Henry']"
272,"['Mellinger,', 'Mrs.', '(Elizabeth', 'Anne', 'Maidment)']"
273,"['Natsch,', 'Mr.', 'Charles', 'H']"
274,"['Healy,', 'Miss.', 'Hanora', '""Nora""']"
275,"['Andrews,', 'Miss.', 'Kornelia', 'Theodosia']"
276,"['Lindblom,', 'Miss.', 'Augusta', 'Charlotta']"
277,"['Parkes,', 'Mr.', 'Francis', '""Frank""']"
278,"['Rice,', 'Master.', 'Eric']"
279,"['Abbott,', 'Mrs.', 'Stanton', '(Rosa', 'Hunt)']"
280,"['Duane,', 'Mr.', 'Frank']"
281,"['Olsson,', 'Mr.', 'Nils', 'Johan', 'Goransson']"
282,"['de', 'Pelsmaeker,', 'Mr.', 'Alfons']"
283,"['Dorking,', 'Mr.', 'Edward', 'Arthur']"
284,"['Smith,', 'Mr.', 'Richard', 'William']"
285,"['Stankovic,', 'Mr.', 'Ivan']"
286,"['de', 'Mulder,', 'Mr.', 'Theodore']"
287,"['Naidenoff,', 'Mr.', 'Penko']"
288,"['Hosono,', 'Mr.', 'Masabumi']"
289,"['Connolly,', 'Miss.', 'Kate']"
290,"['Barber,', 'Miss.', 'Ellen', '""Nellie""']"
291,"['Bishop,', 'Mrs.', 'Dickinson', 'H', '(Helen', 'Walton)']"
292,"['Levy,', 'Mr.', 'Rene', 'Jacques']"
293,"['Haas,', 'Miss.', 'Aloisia']"
294,"['Mineff,', 'Mr.', 'Ivan']"
295,"['Lewy,', 'Mr.', 'Ervin', 'G']"
296,"['Hanna,', 'Mr.', 'Mansour']"
297,"['Allison,', 'Miss.', 'Helen', 'Loraine']"
298,"['Saalfeld,', 'Mr.', 'Adolphe']"
299,"['Baxter,', 'Mrs.', 'James', '(Helene', 'DeLaudeniere', 'Chaput)']"
300,"['Kelly,', 'Miss.', 'Anna', 'Katherine', '""Annie', 'Kate""']"
301,"['McCoy,', 'Mr.', 'Bernard']"
302,"['Johnson,', 'Mr.', 'William', 'Cahoone', 'Jr']"
303,"['Keane,', 'Miss.', 'Nora', 'A']"
304,"['Williams,', 'Mr.', 'Howard', 'Hugh', '""Harry""']"
305,"['Allison,', 'Master.', 'Hudson', 'Trevor']"
306,"['Fleming,', 'Miss.', 'Margaret']"
307,"['Penasco', 'y', 'Castellana,', 'Mrs.', 'Victor', 'de', 'Satode', '(Maria', 'Josefa', 'Perez', 'de', 'Soto', 'y', 'Vallejo)']"
308,"['Abelson,', 'Mr.', 'Samuel']"
309,"['Francatelli,', 'Miss.', 'Laura', 'Mabel']"
310,"['Hays,', 'Miss.', 'Margaret', 'Bechstein']"
311,"['Ryerson,', 'Miss.', 'Emily', 'Borie']"
312,"['Lahtinen,', 'Mrs.', 'William', '(Anna', 'Sylfven)']"
313,"['Hendekovic,', 'Mr.', 'Ignjac']"
314,"['Hart,', 'Mr.', 'Benjamin']"
315,"['Nilsson,', 'Miss.', 'Helmina', 'Josefina']"
316,"['Kantor,', 'Mrs.', 'Sinai', '(Miriam', 'Sternin)']"
317,"['Moraweck,', 'Dr.', 'Ernest']"
318,"['Wick,', 'Miss.', 'Mary', 'Natalie']"
319,"['Spedden,', 'Mrs.', 'Frederic', 'Oakley', '(Margaretta', 'Corning', 'Stone)']"
320,"['Dennis,', 'Mr.', 'Samuel']"
321,"['Danoff,', 'Mr.', 'Yoto']"
322,"['Slayter,', 'Miss.', 'Hilda', 'Mary']"
323,"['Caldwell,', 'Mrs.', 'Albert', 'Francis', '(Sylvia', 'Mae', 'Harbaugh)']"
324,"['Sage,', 'Mr.', 'George', 'John', 'Jr']"
325,"['Young,', 'Miss.', 'Marie', 'Grice']"
326,"['Nysveen,', 'Mr.', 'Johan', 'Hansen']"
327,"['Ball,', 'Mrs.', '(Ada', 'E', 'Hall)']"
328,"['Goldsmith,', 'Mrs.', 'Frank', 'John', '(Emily', 'Alice', 'Brown)']"
329,"['Hippach,', 'Miss.', 'Jean', 'Gertrude']"
330,"['McCoy,', 'Miss.', 'Agnes']"
331,"['Partner,', 'Mr.', 'Austen']"
332,"['Graham,', 'Mr.', 'George', 'Edward']"
333,"['Vander', 'Planke,', 'Mr.', 'Leo', 'Edmondus']"
334,"['Frauenthal,', 'Mrs.', 'Henry', 'William', '(Clara', 'Heinsheimer)']"
335,"['Denkoff,', 'Mr.', 'Mitto']"
336,"['Pears,', 'Mr.', 'Thomas', 'Clinton']"
337,"['Burns,', 'Miss.', 'Elizabeth', 'Margaret']"
338,"['Dahl,', 'Mr.', 'Karl', 'Edwart']"
339,"['Blackwell,', 'Mr.', 'Stephen', 'Weart']"
340,"['Navratil,', 'Master.', 'Edmond', 'Roger']"
341,"['Fortune,', 'Miss.', 'Alice', 'Elizabeth']"
342,"['Collander,', 'Mr.', 'Erik', 'Gustaf']"
343,"['Sedgwick,', 'Mr.', 'Charles', 'Frederick', 'Waddington']"
344,"['Fox,', 'Mr.', 'Stanley', 'Hubert']"
345,"['Brown,', 'Miss.', 'Amelia', '""Mildred""']"
346,"['Smith,', 'Miss.', 'Marion', 'Elsie']"
347,"['Davison,', 'Mrs.', 'Thomas', 'Henry', '(Mary', 'E', 'Finck)']"
348,"['Coutts,', 'Master.', 'William', 'Loch', '""William""']"
349,"['Dimic,', 'Mr.', 'Jovan']"
350,"['Odahl,', 'Mr.', 'Nils', 'Martin']"
351,"['Williams-Lambert,', 'Mr.', 'Fletcher', 'Fellows']"
352,"['Elias,', 'Mr.', 'Tannous']"
353,"['Arnold-Franchi,', 'Mr.', 'Josef']"
354,"['Yousif,', 'Mr.', 'Wazli']"
355,"['Vanden', 'Steen,', 'Mr.', 'Leo', 'Peter']"
356,"['Bowerman,', 'Miss.', 'Elsie', 'Edith']"
357,"['Funk,', 'Miss.', 'Annie', 'Clemmer']"
358,"['McGovern,', 'Miss.', 'Mary']"
359,"['Mockler,', 'Miss.', 'Helen', 'Mary', '""Ellie""']"
360,"['Skoog,', 'Mr.', 'Wilhelm']"
361,"['del', 'Carlo,', 'Mr.', 'Sebastiano']"
362,"['Barbara,', 'Mrs.', '(Catherine', 'David)']"
363,"['Asim,', 'Mr.', 'Adola']"
364,"[""O'Brien,"", 'Mr.', 'Thomas']"
365,"['Adahl,', 'Mr.', 'Mauritz', 'Nils', 'Martin']"
366,"['Warren,', 'Mrs.', 'Frank', 'Manley', '(Anna', 'Sophia', 'Atkinson)']"
367,"['Moussa,', 'Mrs.', '(Mantoura', 'Boulos)']"
368,"['Jermyn,', 'Miss.', 'Annie']"
369,"['Aubart,', 'Mme.', 'Leontine', 'Pauline']"
370,"['Harder,', 'Mr.', 'George', 'Achilles']"
371,"['Wiklund,', 'Mr.', 'Jakob', 'Alfred']"
372,"['Beavan,', 'Mr.', 'William', 'Thomas']"
373,"['Ringhini,', 'Mr.', 'Sante']"
374,"['Palsson,', 'Miss.', 'Stina', 'Viola']"
375,"['Meyer,', 'Mrs.', 'Edgar', 'Joseph', '(Leila', 'Saks)']"
376,"['Landergren,', 'Miss.', 'Aurora', 'Adelia']"
377,"['Widener,', 'Mr.', 'Harry', 'Elkins']"
378,"['Betros,', 'Mr.', 'Tannous']"
379,"['Gustafsson,', 'Mr.', 'Karl', 'Gideon']"
380,"['Bidois,', 'Miss.', 'Rosalie']"
381,"['Nakid,', 'Miss.', 'Maria', '(""Mary"")']"
382,"['Tikkanen,', 'Mr.', 'Juho']"
383,"['Holverson,', 'Mrs.', 'Alexander', 'Oskar', '(Mary', 'Aline', 'Towner)']"
384,"['Plotcharsky,', 'Mr.', 'Vasil']"
385,"['Davies,', 'Mr.', 'Charles', 'Henry']"
386,"['Goodwin,', 'Master.', 'Sidney', 'Leonard']"
387,"['Buss,', 'Miss.', 'Kate']"
388,"['Sadlier,', 'Mr.', 'Matthew']"
389,"['Lehmann,', 'Miss.', 'Bertha']"
390,"['Carter,', 'Mr.', 'William', 'Ernest']"
391,"['Jansson,', 'Mr.', 'Carl', 'Olof']"
392,"['Gustafsson,', 'Mr.', 'Johan', 'Birger']"
393,"['Newell,', 'Miss.', 'Marjorie']"
394,"['Sandstrom,', 'Mrs.', 'Hjalmar', '(Agnes', 'Charlotta', 'Bengtsson)']"
395,"['Johansson,', 'Mr.', 'Erik']"
396,"['Olsson,', 'Miss.', 'Elina']"
397,"['McKane,', 'Mr.', 'Peter', 'David']"
398,"['Pain,', 'Dr.', 'Alfred']"
399,"['Trout,', 'Mrs.', 'William', 'H', '(Jessie', 'L)']"
400,"['Niskanen,', 'Mr.', 'Juha']"
401,"['Adams,', 'Mr.', 'John']"
402,"['Jussila,', 'Miss.', 'Mari', 'Aina']"
403,"['Hakkarainen,', 'Mr.', 'Pekka', 'Pietari']"
404,"['Oreskovic,', 'Miss.', 'Marija']"
405,"['Gale,', 'Mr.', 'Shadrach']"
406,"['Widegren,', 'Mr.', 'Carl/Charles', 'Peter']"
407,"['Richards,', 'Master.', 'William', 'Rowe']"
408,"['Birkeland,', 'Mr.', 'Hans', 'Martin', 'Monsen']"
409,"['Lefebre,', 'Miss.', 'Ida']"
410,"['Sdycoff,', 'Mr.', 'Todor']"
411,"['Hart,', 'Mr.', 'Henry']"
412,"['Minahan,', 'Miss.', 'Daisy', 'E']"
413,"['Cunningham,', 'Mr.', 'Alfred', 'Fleming']"
414,"['Sundman,', 'Mr.', 'Johan', 'Julian']"
415,"['Meek,', 'Mrs.', 'Thomas', '(Annie', 'Louise', 'Rowley)']"
416,"['Drew,', 'Mrs.', 'James', 'Vivian', '(Lulu', 'Thorne', 'Christian)']"
417,"['Silven,', 'Miss.', 'Lyyli', 'Karoliina']"
418,"['Matthews,', 'Mr.', 'William', 'John']"
419,"['Van', 'Impe,', 'Miss.', 'Catharina']"
420,"['Gheorgheff,', 'Mr.', 'Stanio']"
421,"['Charters,', 'Mr.', 'David']"
422,"['Zimmerman,', 'Mr.', 'Leo']"
423,"['Danbom,', 'Mrs.', 'Ernst', 'Gilbert', '(Anna', 'Sigrid', 'Maria', 'Brogren)']"
424,"['Rosblom,', 'Mr.', 'Viktor', 'Richard']"
425,"['Wiseman,', 'Mr.', 'Phillippe']"
426,"['Clarke,', 'Mrs.', 'Charles', 'V', '(Ada', 'Maria', 'Winfield)']"
427,"['Phillips,', 'Miss.', 'Kate', 'Florence', '(""Mrs', 'Kate', 'Louise', 'Phillips', 'Marshall"")']"
428,"['Flynn,', 'Mr.', 'James']"
429,"['Pickard,', 'Mr.', 'Berk', '(Berk', 'Trembisky)']"
430,"['Bjornstrom-Steffansson,', 'Mr.', 'Mauritz', 'Hakan']"
431,"['Thorneycroft,', 'Mrs.', 'Percival', '(Florence', 'Kate', 'White)']"
432,"['Louch,', 'Mrs.', 'Charles', 'Alexander', '(Alice', 'Adelaide', 'Slow)']"
433,"['Kallio,', 'Mr.', 'Nikolai', 'Erland']"
434,"['Silvey,', 'Mr.', 'William', 'Baird']"
435,"['Carter,', 'Miss.', 'Lucile', 'Polk']"
436,"['Ford,', 'Miss.', 'Doolina', 'Margaret', '""Daisy""']"
437,"['Richards,', 'Mrs.', 'Sidney', '(Emily', 'Hocking)']"
438,"['Fortune,', 'Mr.', 'Mark']"
439,"['Kvillner,', 'Mr.', 'Johan', 'Henrik', 'Johannesson']"
440,"['Hart,', 'Mrs.', 'Benjamin', '(Esther', 'Ada', 'Bloomfield)']"
441,"['Hampe,', 'Mr.', 'Leon']"
442,"['Petterson,', 'Mr.', 'Johan', 'Emil']"
443,"['Reynaldo,', 'Ms.', 'Encarnacion']"
444,"['Johannesen-Bratthammer,', 'Mr.', 'Bernt']"
445,"['Dodge,', 'Master.', 'Washington']"
446,"['Mellinger,', 'Miss.', 'Madeleine', 'Violet']"
447,"['Seward,', 'Mr.', 'Frederic', 'Kimber']"
448,"['Baclini,', 'Miss.', 'Marie', 'Catherine']"
449,"['Peuchen,', 'Major.', 'Arthur', 'Godfrey']"
450,"['West,', 'Mr.', 'Edwy', 'Arthur']"
451,"['Hagland,', 'Mr.', 'Ingvald', 'Olai', 'Olsen']"
452,"['Foreman,', 'Mr.', 'Benjamin', 'Laventall']"
453,"['Goldenberg,', 'Mr.', 'Samuel', 'L']"
454,"['Peduzzi,', 'Mr.', 'Joseph']"
455,"['Jalsevac,', 'Mr.', 'Ivan']"
456,"['Millet,', 'Mr.', 'Francis', 'Davis']"
457,"['Kenyon,', 'Mrs.', 'Frederick', 'R', '(Marion)']"
458,"['Toomey,', 'Miss.', 'Ellen']"
459,"[""O'Connor,"", 'Mr.', 'Maurice']"
460,"['Anderson,', 'Mr.', 'Harry']"
461,"['Morley,', 'Mr.', 'William']"
462,"['Gee,', 'Mr.', 'Arthur', 'H']"
463,"['Milling,', 'Mr.', 'Jacob', 'Christian']"
464,"['Maisner,', 'Mr.', 'Simon']"
465,"['Goncalves,', 'Mr.', 'Manuel', 'Estanslas']"
466,"['Campbell,', 'Mr.', 'William']"
467,"['Smart,', 'Mr.', 'John', 'Montgomery']"
468,"['Scanlan,', 'Mr.', 'James']"
469,"['Baclini,', 'Miss.', 'Helene', 'Barbara']"
470,"['Keefe,', 'Mr.', 'Arthur']"
471,"['Cacic,', 'Mr.', 'Luka']"
472,"['West,', 'Mrs.', 'Edwy', 'Arthur', '(Ada', 'Mary', 'Worth)']"
473,"['Jerwan,', 'Mrs.', 'Amin', 'S', '(Marie', 'Marthe', 'Thuillard)']"
474,"['Strandberg,', 'Miss.', 'Ida', 'Sofia']"
475,"['Clifford,', 'Mr.', 'George', 'Quincy']"
476,"['Renouf,', 'Mr.', 'Peter', 'Henry']"
477,"['Braund,', 'Mr.', 'Lewis', 'Richard']"
478,"['Karlsson,', 'Mr.', 'Nils', 'August']"
479,"['Hirvonen,', 'Miss.', 'Hildur', 'E']"
480,"['Goodwin,', 'Master.', 'Harold', 'Victor']"
481,"['Frost,', 'Mr.', 'Anthony', 'Wood', '""Archie""']"
482,"['Rouse,', 'Mr.', 'Richard', 'Henry']"
483,"['Turkula,', 'Mrs.', '(Hedwig)']"
484,"['Bishop,', 'Mr.', 'Dickinson', 'H']"
485,"['Lefebre,', 'Miss.', 'Jeannie']"
486,"['Hoyt,', 'Mrs.', 'Frederick', 'Maxfield', '(Jane', 'Anne', 'Forby)']"
487,"['Kent,', 'Mr.', 'Edward', 'Austin']"
488,"['Somerton,', 'Mr.', 'Francis', 'William']"
489,"['Coutts,', 'Master.', 'Eden', 'Leslie', '""Neville""']"
490,"['Hagland,', 'Mr.', 'Konrad', 'Mathias', 'Reiersen']"
491,"['Windelov,', 'Mr.', 'Einar']"
492,"['Molson,', 'Mr.', 'Harry', 'Markland']"
493,"['Artagaveytia,', 'Mr.', 'Ramon']"
494,"['Stanley,', 'Mr.', 'Edward', 'Roland']"
495,"['Yousseff,', 'Mr.', 'Gerious']"
496,"['Eustis,', 'Miss.', 'Elizabeth', 'Mussey']"
497,"['Shellard,', 'Mr.', 'Frederick', 'William']"
498,"['Allison,', 'Mrs.', 'Hudson', 'J', 'C', '(Bessie', 'Waldo', 'Daniels)']"
499,"['Svensson,', 'Mr.', 'Olof']"
500,"['Calic,', 'Mr.', 'Petar']"
501,"['Canavan,', 'Miss.', 'Mary']"
502,"[""O'Sullivan,"", 'Miss.', 'Bridget', 'Mary']"
503,"['Laitinen,', 'Miss.', 'Kristina', 'Sofia']"
504,"['Maioni,', 'Miss.', 'Roberta']"
505,"['Penasco', 'y', 'Castellana,', 'Mr.', 'Victor', 'de', 'Satode']"
506,"['Quick,', 'Mrs.', 'Frederick', 'Charles', '(Jane', 'Richards)']"
507,"['Bradley,', 'Mr.', 'George', '(""George', 'Arthur', 'Brayton"")']"
508,"['Olsen,', 'Mr.', 'Henry', 'Margido']"
509,"['Lang,', 'Mr.', 'Fang']"
510,"['Daly,', 'Mr.', 'Eugene', 'Patrick']"
511,"['Webber,', 'Mr.', 'James']"
512,"['McGough,', 'Mr.', 'James', 'Robert']"
513,"['Rothschild,', 'Mrs.', 'Martin', '(Elizabeth', 'L.', 'Barrett)']"
514,"['Coleff,', 'Mr.', 'Satio']"
515,"['Walker,', 'Mr.', 'William', 'Anderson']"
516,"['Lemore,', 'Mrs.', '(Amelia', 'Milley)']"
517,"['Ryan,', 'Mr.', 'Patrick']"
518,"['Angle,', 'Mrs.', 'William', 'A', '(Florence', '""Mary""', 'Agnes', 'Hughes)']"
519,"['Pavlovic,', 'Mr.', 'Stefo']"
520,"['Perreault,', 'Miss.', 'Anne']"
521,"['Vovk,', 'Mr.', 'Janko']"
522,"['Lahoud,', 'Mr.', 'Sarkis']"
523,"['Hippach,', 'Mrs.', 'Louis', 'Albert', '(Ida', 'Sophia', 'Fischer)']"
524,"['Kassem,', 'Mr.', 'Fared']"
525,"['Farrell,', 'Mr.', 'James']"
526,"['Ridsdale,', 'Miss.', 'Lucy']"
527,"['Farthing,', 'Mr.', 'John']"
528,"['Salonen,', 'Mr.', 'Johan', 'Werner']"
529,"['Hocking,', 'Mr.', 'Richard', 'George']"
530,"['Quick,', 'Miss.', 'Phyllis', 'May']"
531,"['Toufik,', 'Mr.', 'Nakli']"
532,"['Elias,', 'Mr.', 'Joseph', 'Jr']"
533,"['Peter,', 'Mrs.', 'Catherine', '(Catherine', 'Rizk)']"
534,"['Cacic,', 'Miss.', 'Marija']"
535,"['Hart,', 'Miss.', 'Eva', 'Miriam']"
536,"['Butt,', 'Major.', 'Archibald', 'Willingham']"
537,"['LeRoy,', 'Miss.', 'Bertha']"
538,"['Risien,', 'Mr.', 'Samuel', 'Beard']"
539,"['Frolicher,', 'Miss.', 'Hedwig', 'Margaritha']"
540,"['Crosby,', 'Miss.', 'Harriet', 'R']"
541,"['Andersson,', 'Miss.', 'Ingeborg', 'Constanzia']"
542,"['Andersson,', 'Miss.', 'Sigrid', 'Elisabeth']"
543,"['Beane,', 'Mr.', 'Edward']"
544,"['Douglas,', 'Mr.', 'Walter', 'Donald']"
545,"['Nicholson,', 'Mr.', 'Arthur', 'Ernest']"
546,"['Beane,', 'Mrs.', 'Edward', '(Ethel', 'Clarke)']"
547,"['Padro', 'y', 'Manent,', 'Mr.', 'Julian']"
548,"['Goldsmith,', 'Mr.', 'Frank', 'John']"
549,"['Davies,', 'Master.', 'John', 'Morgan', 'Jr']"
550,"['Thayer,', 'Mr.', 'John', 'Borland', 'Jr']"
551,"['Sharp,', 'Mr.', 'Percival', 'James', 'R']"
552,"[""O'Brien,"", 'Mr.', 'Timothy']"
553,"['Leeni,', 'Mr.', 'Fahim', '(""Philip', 'Zenni"")']"
554,"['Ohman,', 'Miss.', 'Velin']"
555,"['Wright,', 'Mr.', 'George']"
556,"['Duff', 'Gordon,', 'Lady.', '(Lucille', 'Christiana', 'Sutherland)', '(""Mrs', 'Morgan"")']"
557,"['Robbins,', 'Mr.', 'Victor']"
558,"['Taussig,', 'Mrs.', 'Emil', '(Tillie', 'Mandelbaum)']"
559,"['de', 'Messemaeker,', 'Mrs.', 'Guillaume', 'Joseph', '(Emma)']"
560,"['Morrow,', 'Mr.', 'Thomas', 'Rowan']"
561,"['Sivic,', 'Mr.', 'Husein']"
562,"['Norman,', 'Mr.', 'Robert', 'Douglas']"
563,"['Simmons,', 'Mr.', 'John']"
564,"['Meanwell,', 'Miss.', '(Marion', 'Ogden)']"
565,"['Davies,', 'Mr.', 'Alfred', 'J']"
566,"['Stoytcheff,', 'Mr.', 'Ilia']"
567,"['Palsson,', 'Mrs.', 'Nils', '(Alma', 'Cornelia', 'Berglund)']"
568,"['Doharr,', 'Mr.', 'Tannous']"
569,"['Jonsson,', 'Mr.', 'Carl']"
570,"['Harris,', 'Mr.', 'George']"
571,"['Appleton,', 'Mrs.', 'Edward', 'Dale', '(Charlotte', 'Lamson)']"
572,"['Flynn,', 'Mr.', 'John', 'Irwin', '(""Irving"")']"
573,"['Kelly,', 'Miss.', 'Mary']"
574,"['Rush,', 'Mr.', 'Alfred', 'George', 'John']"
575,"['Patchett,', 'Mr.', 'George']"
576,"['Garside,', 'Miss.', 'Ethel']"
577,"['Silvey,', 'Mrs.', 'William', 'Baird', '(Alice', 'Munger)']"
578,"['Caram,', 'Mrs.', 'Joseph', '(Maria', 'Elias)']"
579,"['Jussila,', 'Mr.', 'Eiriik']"
580,"['Christy,', 'Miss.', 'Julie', 'Rachel']"
581,"['Thayer,', 'Mrs.', 'John', 'Borland', '(Marian', 'Longstreth', 'Morris)']"
582,"['Downton,', 'Mr.', 'William', 'James']"
583,"['Ross,', 'Mr.', 'John', 'Hugo']"
584,"['Paulner,', 'Mr.', 'Uscher']"
585,"['Taussig,', 'Miss.', 'Ruth']"
586,"['Jarvis,', 'Mr.', 'John', 'Denzil']"
587,"['Frolicher-Stehli,', 'Mr.', 'Maxmillian']"
588,"['Gilinski,', 'Mr.', 'Eliezer']"
589,"['Murdlin,', 'Mr.', 'Joseph']"
590,"['Rintamaki,', 'Mr.', 'Matti']"
591,"['Stephenson,', 'Mrs.', 'Walter', 'Bertram', '(Martha', 'Eustis)']"
592,"['Elsbury,', 'Mr.', 'William', 'James']"
593,"['Bourke,', 'Miss.', 'Mary']"
594,"['Chapman,', 'Mr.', 'John', 'Henry']"
595,"['Van', 'Impe,', 'Mr.', 'Jean', 'Baptiste']"
596,"['Leitch,', 'Miss.', 'Jessie', 'Wills']"
597,"['Johnson,', 'Mr.', 'Alfred']"
598,"['Boulos,', 'Mr.', 'Hanna']"
599,"['Duff', 'Gordon,', 'Sir.', 'Cosmo', 'Edmund', '(""Mr', 'Morgan"")']"
600,"['Jacobsohn,', 'Mrs.', 'Sidney', 'Samuel', '(Amy', 'Frances', 'Christy)']"
601,"['Slabenoff,', 'Mr.', 'Petco']"
602,"['Harrington,', 'Mr.', 'Charles', 'H']"
603,"['Torber,', 'Mr.', 'Ernst', 'William']"
604,"['Homer,', 'Mr.', 'Harry', '(""Mr', 'E', 'Haven"")']"
605,"['Lindell,', 'Mr.', 'Edvard', 'Bengtsson']"
606,"['Karaic,', 'Mr.', 'Milan']"
607,"['Daniel,', 'Mr.', 'Robert', 'Williams']"
608,"['Laroche,', 'Mrs.', 'Joseph', '(Juliette', 'Marie', 'Louise', 'Lafargue)']"
609,"['Shutes,', 'Miss.', 'Elizabeth', 'W']"
610,"['Andersson,', 'Mrs.', 'Anders', 'Johan', '(Alfrida', 'Konstantia', 'Brogren)']"
611,"['Jardin,', 'Mr.', 'Jose', 'Neto']"
612,"['Murphy,', 'Miss.', 'Margaret', 'Jane']"
613,"['Horgan,', 'Mr.', 'John']"
614,"['Brocklebank,', 'Mr.', 'William', 'Alfred']"
615,"['Herman,', 'Miss.', 'Alice']"
616,"['Danbom,', 'Mr.', 'Ernst', 'Gilbert']"
617,"['Lobb,', 'Mrs.', 'William', 'Arthur', '(Cordelia', 'K', 'Stanlick)']"
618,"['Becker,', 'Miss.', 'Marion', 'Louise']"
619,"['Gavey,', 'Mr.', 'Lawrence']"
620,"['Yasbeck,', 'Mr.', 'Antoni']"
621,"['Kimball,', 'Mr.', 'Edwin', 'Nelson', 'Jr']"
622,"['Nakid,', 'Mr.', 'Sahid']"
623,"['Hansen,', 'Mr.', 'Henry', 'Damsgaard']"
624,"['Bowen,', 'Mr.', 'David', 'John', '""Dai""']"
625,"['Sutton,', 'Mr.', 'Frederick']"
626,"['Kirkland,', 'Rev.', 'Charles', 'Leonard']"
627,"['Longley,', 'Miss.', 'Gretchen', 'Fiske']"
628,"['Bostandyeff,', 'Mr.', 'Guentcho']"
629,"[""O'Connell,"", 'Mr.', 'Patrick', 'D']"
630,"['Barkworth,', 'Mr.', 'Algernon', 'Henry', 'Wilson']"
631,"['Lundahl,', 'Mr.', 'Johan', 'Svensson']"
632,"['Stahelin-Maeglin,', 'Dr.', 'Max']"
633,"['Parr,', 'Mr.', 'William', 'Henry', 'Marsh']"
634,"['Skoog,', 'Miss.', 'Mabel']"
635,"['Davis,', 'Miss.', 'Mary']"
636,"['Leinonen,', 'Mr.', 'Antti', 'Gustaf']"
637,"['Collyer,', 'Mr.', 'Harvey']"
638,"['Panula,', 'Mrs.', 'Juha', '(Maria', 'Emilia', 'Ojala)']"
639,"['Thorneycroft,', 'Mr.', 'Percival']"
640,"['Jensen,', 'Mr.', 'Hans', 'Peder']"
641,"['Sagesser,', 'Mlle.', 'Emma']"
642,"['Skoog,', 'Miss.', 'Margit', 'Elizabeth']"
643,"['Foo,', 'Mr.', 'Choong']"
644,"['Baclini,', 'Miss.', 'Eugenie']"
645,"['Harper,', 'Mr.', 'Henry', 'Sleeper']"
646,"['Cor,', 'Mr.', 'Liudevit']"
647,"['Simonius-Blumer,', 'Col.', 'Oberst', 'Alfons']"
648,"['Willey,', 'Mr.', 'Edward']"
649,"['Stanley,', 'Miss.', 'Amy', 'Zillah', 'Elsie']"
650,"['Mitkoff,', 'Mr.', 'Mito']"
651,"['Doling,', 'Miss.', 'Elsie']"
652,"['Kalvik,', 'Mr.', 'Johannes', 'Halvorsen']"
653,"[""O'Leary,"", 'Miss.', 'Hanora', '""Norah""']"
654,"['Hegarty,', 'Miss.', 'Hanora', '""Nora""']"
655,"['Hickman,', 'Mr.', 'Leonard', 'Mark']"
656,"['Radeff,', 'Mr.', 'Alexander']"
657,"['Bourke,', 'Mrs.', 'John', '(Catherine)']"
658,"['Eitemiller,', 'Mr.', 'George', 'Floyd']"
659,"['Newell,', 'Mr.', 'Arthur', 'Webster']"
660,"['Frauenthal,', 'Dr.', 'Henry', 'William']"
661,"['Badt,', 'Mr.', 'Mohamed']"
662,"['Colley,', 'Mr.', 'Edward', 'Pomeroy']"
663,"['Coleff,', 'Mr.', 'Peju']"
664,"['Lindqvist,', 'Mr.', 'Eino', 'William']"
665,"['Hickman,', 'Mr.', 'Lewis']"
666,"['Butler,', 'Mr.', 'Reginald', 'Fenton']"
667,"['Rommetvedt,', 'Mr.', 'Knud', 'Paust']"
668,"['Cook,', 'Mr.', 'Jacob']"
669,"['Taylor,', 'Mrs.', 'Elmer', 'Zebley', '(Juliet', 'Cummins', 'Wright)']"
670,"['Brown,', 'Mrs.', 'Thomas', 'William', 'Solomon', '(Elizabeth', 'Catherine', 'Ford)']"
671,"['Davidson,', 'Mr.', 'Thornton']"
672,"['Mitchell,', 'Mr.', 'Henry', 'Michael']"
673,"['Wilhelms,', 'Mr.', 'Charles']"
674,"['Watson,', 'Mr.', 'Ennis', 'Hastings']"
675,"['Edvardsson,', 'Mr.', 'Gustaf', 'Hjalmar']"
676,"['Sawyer,', 'Mr.', 'Frederick', 'Charles']"
677,"['Turja,', 'Miss.', 'Anna', 'Sofia']"
678,"['Goodwin,', 'Mrs.', 'Frederick', '(Augusta', 'Tyler)']"
679,"['Cardeza,', 'Mr.', 'Thomas', 'Drake', 'Martinez']"
680,"['Peters,', 'Miss.', 'Katie']"
681,"['Hassab,', 'Mr.', 'Hammad']"
682,"['Olsvigen,', 'Mr.', 'Thor', 'Anderson']"
683,"['Goodwin,', 'Mr.', 'Charles', 'Edward']"
684,"['Brown,', 'Mr.', 'Thomas', 'William', 'Solomon']"
685,"['Laroche,', 'Mr.', 'Joseph', 'Philippe', 'Lemercier']"
686,"['Panula,', 'Mr.', 'Jaako', 'Arnold']"
687,"['Dakic,', 'Mr.', 'Branko']"
688,"['Fischer,', 'Mr.', 'Eberhard', 'Thelander']"
689,"['Madill,', 'Miss.', 'Georgette', 'Alexandra']"
690,"['Dick,', 'Mr.', 'Albert', 'Adrian']"
691,"['Karun,', 'Miss.', 'Manca']"
692,"['Lam,', 'Mr.', 'Ali']"
693,"['Saad,', 'Mr.', 'Khalil']"
694,"['Weir,', 'Col.', 'John']"
695,"['Chapman,', 'Mr.', 'Charles', 'Henry']"
696,"['Kelly,', 'Mr.', 'James']"
697,"['Mullens,', 'Miss.', 'Katherine', '""Katie""']"
698,"['Thayer,', 'Mr.', 'John', 'Borland']"
699,"['Humblen,', 'Mr.', 'Adolf', 'Mathias', 'Nicolai', 'Olsen']"
700,"['Astor,', 'Mrs.', 'John', 'Jacob', '(Madeleine', 'Talmadge', 'Force)']"
701,"['Silverthorne,', 'Mr.', 'Spencer', 'Victor']"
702,"['Barbara,', 'Miss.', 'Saiide']"
703,"['Gallagher,', 'Mr.', 'Martin']"
704,"['Hansen,', 'Mr.', 'Henrik', 'Juul']"
705,"['Morley,', 'Mr.', 'Henry', 'Samuel', '(""Mr', 'Henry', 'Marshall"")']"
706,"['Kelly,', 'Mrs.', 'Florence', '""Fannie""']"
707,"['Calderhead,', 'Mr.', 'Edward', 'Pennington']"
708,"['Cleaver,', 'Miss.', 'Alice']"
709,"['Moubarek,', 'Master.', 'Halim', 'Gonios', '(""William', 'George"")']"
710,"['Mayne,', 'Mlle.', 'Berthe', 'Antonine', '(""Mrs', 'de', 'Villiers"")']"
711,"['Klaber,', 'Mr.', 'Herman']"
712,"['Taylor,', 'Mr.', 'Elmer', 'Zebley']"
713,"['Larsson,', 'Mr.', 'August', 'Viktor']"
714,"['Greenberg,', 'Mr.', 'Samuel']"
715,"['Soholt,', 'Mr.', 'Peter', 'Andreas', 'Lauritz', 'Andersen']"
716,"['Endres,', 'Miss.', 'Caroline', 'Louise']"
717,"['Troutt,', 'Miss.', 'Edwina', 'Celia', '""Winnie""']"
718,"['McEvoy,', 'Mr.', 'Michael']"
719,"['Johnson,', 'Mr.', 'Malkolm', 'Joackim']"
720,"['Harper,', 'Miss.', 'Annie', 'Jessie', '""Nina""']"
721,"['Jensen,', 'Mr.', 'Svend', 'Lauritz']"
722,"['Gillespie,', 'Mr.', 'William', 'Henry']"
723,"['Hodges,', 'Mr.', 'Henry', 'Price']"
724,"['Chambers,', 'Mr.', 'Norman', 'Campbell']"
725,"['Oreskovic,', 'Mr.', 'Luka']"
726,"['Renouf,', 'Mrs.', 'Peter', 'Henry', '(Lillian', 'Jefferys)']"
727,"['Mannion,', 'Miss.', 'Margareth']"
728,"['Bryhl,', 'Mr.', 'Kurt', 'Arnold', 'Gottfrid']"
729,"['Ilmakangas,', 'Miss.', 'Pieta', 'Sofia']"
730,"['Allen,', 'Miss.', 'Elisabeth', 'Walton']"
731,"['Hassan,', 'Mr.', 'Houssein', 'G', 'N']"
732,"['Knight,', 'Mr.', 'Robert', 'J']"
733,"['Berriman,', 'Mr.', 'William', 'John']"
734,"['Troupiansky,', 'Mr.', 'Moses', 'Aaron']"
735,"['Williams,', 'Mr.', 'Leslie']"
736,"['Ford,', 'Mrs.', 'Edward', '(Margaret', 'Ann', 'Watson)']"
737,"['Lesurer,', 'Mr.', 'Gustave', 'J']"
738,"['Ivanoff,', 'Mr.', 'Kanio']"
739,"['Nankoff,', 'Mr.', 'Minko']"
740,"['Hawksford,', 'Mr.', 'Walter', 'James']"
741,"['Cavendish,', 'Mr.', 'Tyrell', 'William']"
742,"['Ryerson,', 'Miss.', 'Susan', 'Parker', '""Suzette""']"
743,"['McNamee,', 'Mr.', 'Neal']"
744,"['Stranden,', 'Mr.', 'Juho']"
745,"['Crosby,', 'Capt.', 'Edward', 'Gifford']"
746,"['Abbott,', 'Mr.', 'Rossmore', 'Edward']"
747,"['Sinkkonen,', 'Miss.', 'Anna']"
748,"['Marvin,', 'Mr.', 'Daniel', 'Warner']"
749,"['Connaghton,', 'Mr.', 'Michael']"
750,"['Wells,', 'Miss.', 'Joan']"
751,"['Moor,', 'Master.', 'Meier']"
752,"['Vande', 'Velde,', 'Mr.', 'Johannes', 'Joseph']"
753,"['Jonkoff,', 'Mr.', 'Lalio']"
754,"['Herman,', 'Mrs.', 'Samuel', '(Jane', 'Laver)']"
755,"['Hamalainen,', 'Master.', 'Viljo']"
756,"['Carlsson,', 'Mr.', 'August', 'Sigfrid']"
757,"['Bailey,', 'Mr.', 'Percy', 'Andrew']"
758,"['Theobald,', 'Mr.', 'Thomas', 'Leonard']"
759,"['Rothes,', 'the', 'Countess.', 'of', '(Lucy', 'Noel', 'Martha', 'Dyer-Edwards)']"
760,"['Garfirth,', 'Mr.', 'John']"
761,"['Nirva,', 'Mr.', 'Iisakki', 'Antino', 'Aijo']"
762,"['Barah,', 'Mr.', 'Hanna', 'Assi']"
763,"['Carter,', 'Mrs.', 'William', 'Ernest', '(Lucile', 'Polk)']"
764,"['Eklund,', 'Mr.', 'Hans', 'Linus']"
765,"['Hogeboom,', 'Mrs.', 'John', 'C', '(Anna', 'Andrews)']"
766,"['Brewe,', 'Dr.', 'Arthur', 'Jackson']"
767,"['Mangan,', 'Miss.', 'Mary']"
768,"['Moran,', 'Mr.', 'Daniel', 'J']"
769,"['Gronnestad,', 'Mr.', 'Daniel', 'Danielsen']"
770,"['Lievens,', 'Mr.', 'Rene', 'Aime']"
771,"['Jensen,', 'Mr.', 'Niels', 'Peder']"
772,"['Mack,', 'Mrs.', '(Mary)']"
773,"['Elias,', 'Mr.', 'Dibo']"
774,"['Hocking,', 'Mrs.', 'Elizabeth', '(Eliza', 'Needs)']"
775,"['Myhrman,', 'Mr.', 'Pehr', 'Fabian', 'Oliver', 'Malkolm']"
776,"['Tobin,', 'Mr.', 'Roger']"
777,"['Emanuel,', 'Miss.', 'Virginia', 'Ethel']"
778,"['Kilgannon,', 'Mr.', 'Thomas', 'J']"
779,"['Robert,', 'Mrs.', 'Edward', 'Scott', '(Elisabeth', 'Walton', 'McMillan)']"
780,"['Ayoub,', 'Miss.', 'Banoura']"
781,"['Dick,', 'Mrs.', 'Albert', 'Adrian', '(Vera', 'Gillespie)']"
782,"['Long,', 'Mr.', 'Milton', 'Clyde']"
783,"['Johnston,', 'Mr.', 'Andrew', 'G']"
784,"['Ali,', 'Mr.', 'William']"
785,"['Harmer,', 'Mr.', 'Abraham', '(David', 'Lishin)']"
786,"['Sjoblom,', 'Miss.', 'Anna', 'Sofia']"
787,"['Rice,', 'Master.', 'George', 'Hugh']"
788,"['Dean,', 'Master.', 'Bertram', 'Vere']"
789,"['Guggenheim,', 'Mr.', 'Benjamin']"
790,"['Keane,', 'Mr.', 'Andrew', '""Andy""']"
791,"['Gaskell,', 'Mr.', 'Alfred']"
792,"['Sage,', 'Miss.', 'Stella', 'Anna']"
793,"['Hoyt,', 'Mr.', 'William', 'Fisher']"
794,"['Dantcheff,', 'Mr.', 'Ristiu']"
795,"['Otter,', 'Mr.', 'Richard']"
796,"['Leader,', 'Dr.', 'Alice', '(Farnham)']"
797,"['Osman,', 'Mrs.', 'Mara']"
798,"['Ibrahim', 'Shawah,', 'Mr.', 'Yousseff']"
799,"['Van', 'Impe,', 'Mrs.', 'Jean', 'Baptiste', '(Rosalie', 'Paula', 'Govaert)']"
800,"['Ponesell,', 'Mr.', 'Martin']"
801,"['Collyer,', 'Mrs.', 'Harvey', '(Charlotte', 'Annie', 'Tate)']"
802,"['Carter,', 'Master.', 'William', 'Thornton', 'II']"
803,"['Thomas,', 'Master.', 'Assad', 'Alexander']"
804,"['Hedman,', 'Mr.', 'Oskar', 'Arvid']"
805,"['Johansson,', 'Mr.', 'Karl', 'Johan']"
806,"['Andrews,', 'Mr.', 'Thomas', 'Jr']"
807,"['Pettersson,', 'Miss.', 'Ellen', 'Natalia']"
808,"['Meyer,', 'Mr.', 'August']"
809,"['Chambers,', 'Mrs.', 'Norman', 'Campbell', '(Bertha', 'Griggs)']"
810,"['Alexander,', 'Mr.', 'William']"
811,"['Lester,', 'Mr.', 'James']"
812,"['Slemen,', 'Mr.', 'Richard', 'James']"
813,"['Andersson,', 'Miss.', 'Ebba', 'Iris', 'Alfrida']"
814,"['Tomlin,', 'Mr.', 'Ernest', 'Portage']"
815,"['Fry,', 'Mr.', 'Richard']"
816,"['Heininen,', 'Miss.', 'Wendla', 'Maria']"
817,"['Mallet,', 'Mr.', 'Albert']"
818,"['Holm,', 'Mr.', 'John', 'Fredrik', 'Alexander']"
819,"['Skoog,', 'Master.', 'Karl', 'Thorsten']"
820,"['Hays,', 'Mrs.', 'Charles', 'Melville', '(Clara', 'Jennings', 'Gregg)']"
821,"['Lulic,', 'Mr.', 'Nikola']"
822,"['Reuchlin,', 'Jonkheer.', 'John', 'George']"
823,"['Moor,', 'Mrs.', '(Beila)']"
824,"['Panula,', 'Master.', 'Urho', 'Abraham']"
825,"['Flynn,', 'Mr.', 'John']"
826,"['Lam,', 'Mr.', 'Len']"
827,"['Mallet,', 'Master.', 'Andre']"
828,"['McCormack,', 'Mr.', 'Thomas', 'Joseph']"
829,"['Stone,', 'Mrs.', 'George', 'Nelson', '(Martha', 'Evelyn)']"
830,"['Yasbeck,', 'Mrs.', 'Antoni', '(Selini', 'Alexander)']"
831,"['Richards,', 'Master.', 'George', 'Sibley']"
832,"['Saad,', 'Mr.', 'Amin']"
833,"['Augustsson,', 'Mr.', 'Albert']"
834,"['Allum,', 'Mr.', 'Owen', 'George']"
835,"['Compton,', 'Miss.', 'Sara', 'Rebecca']"
836,"['Pasic,', 'Mr.', 'Jakob']"
837,"['Sirota,', 'Mr.', 'Maurice']"
838,"['Chip,', 'Mr.', 'Chang']"
839,"['Marechal,', 'Mr.', 'Pierre']"
840,"['Alhomaki,', 'Mr.', 'Ilmari', 'Rudolf']"
841,"['Mudd,', 'Mr.', 'Thomas', 'Charles']"
842,"['Serepeca,', 'Miss.', 'Augusta']"
843,"['Lemberopolous,', 'Mr.', 'Peter', 'L']"
844,"['Culumovic,', 'Mr.', 'Jeso']"
845,"['Abbing,', 'Mr.', 'Anthony']"
846,"['Sage,', 'Mr.', 'Douglas', 'Bullen']"
847,"['Markoff,', 'Mr.', 'Marin']"
848,"['Harper,', 'Rev.', 'John']"
849,"['Goldenberg,', 'Mrs.', 'Samuel', 'L', '(Edwiga', 'Grabowska)']"
850,"['Andersson,', 'Master.', 'Sigvard', 'Harald', 'Elias']"
851,"['Svensson,', 'Mr.', 'Johan']"
852,"['Boulos,', 'Miss.', 'Nourelain']"
853,"['Lines,', 'Miss.', 'Mary', 'Conover']"
854,"['Carter,', 'Mrs.', 'Ernest', 'Courtenay', '(Lilian', 'Hughes)']"
855,"['Aks,', 'Mrs.', 'Sam', '(Leah', 'Rosen)']"
856,"['Wick,', 'Mrs.', 'George', 'Dennick', '(Mary', 'Hitchcock)']"
857,"['Daly,', 'Mr.', 'Peter', 'Denis']"
858,"['Baclini,', 'Mrs.', 'Solomon', '(Latifa', 'Qurban)']"
859,"['Razi,', 'Mr.', 'Raihed']"
860,"['Hansen,', 'Mr.', 'Claus', 'Peter']"
861,"['Giles,', 'Mr.', 'Frederick', 'Edward']"
862,"['Swift,', 'Mrs.', 'Frederick', 'Joel', '(Margaret', 'Welles', 'Barron)']"
863,"['Sage,', 'Miss.', 'Dorothy', 'Edith', '""Dolly""']"
864,"['Gill,', 'Mr.', 'John', 'William']"
865,"['Bystrom,', 'Mrs.', '(Karolina)']"
866,"['Duran', 'y', 'More,', 'Miss.', 'Asuncion']"
867,"['Roebling,', 'Mr.', 'Washington', 'Augustus', 'II']"
868,"['van', 'Melkebeke,', 'Mr.', 'Philemon']"
869,"['Johnson,', 'Master.', 'Harold', 'Theodor']"
870,"['Balkic,', 'Mr.', 'Cerin']"
871,"['Beckwith,', 'Mrs.', 'Richard', 'Leonard', '(Sallie', 'Monypeny)']"
872,"['Carlsson,', 'Mr.', 'Frans', 'Olof']"
873,"['Vander', 'Cruyssen,', 'Mr.', 'Victor']"
874,"['Abelson,', 'Mrs.', 'Samuel', '(Hannah', 'Wizosky)']"
875,"['Najib,', 'Miss.', 'Adele', 'Kiamie', '""Jane""']"
876,"['Gustafsson,', 'Mr.', 'Alfred', 'Ossian']"
877,"['Petroff,', 'Mr.', 'Nedelio']"
878,"['Laleff,', 'Mr.', 'Kristo']"
879,"['Potter,', 'Mrs.', 'Thomas', 'Jr', '(Lily', 'Alexenia', 'Wilson)']"
880,"['Shelley,', 'Mrs.', 'William', '(Imanita', 'Parrish', 'Hall)']"
881,"['Markun,', 'Mr.', 'Johann']"
882,"['Dahlberg,', 'Miss.', 'Gerda', 'Ulrika']"
883,"['Banfield,', 'Mr.', 'Frederick', 'James']"
884,"['Sutehall,', 'Mr.', 'Henry', 'Jr']"
885,"['Rice,', 'Mrs.', 'William', '(Margaret', 'Norton)']"
886,"['Montvila,', 'Rev.', 'Juozas']"
887,"['Graham,', 'Miss.', 'Margaret', 'Edith']"
888,"['Johnston,', 'Miss.', 'Catherine', 'Helen', '""Carrie""']"
889,"['Behr,', 'Mr.', 'Karl', 'Howell']"
890,"['Dooley,', 'Mr.', 'Patrick']"
